MD	Baltimore City	Baltimore	Orangeville	161389	12	-76.572746211518;39.299090006621,-76.572875871216;39.305079127026,-76.573070433186;39.314066152954,-76.572357546467;39.314242709594,-76.570425425371;39.313043461546,-76.567319998856;39.313220001402,-76.565890005517;39.311409968849,-76.550399988868;39.30081996353,-76.564189972452;39.296710009996,-76.569558721976;39.295974974819,-76.569891846511;39.299139657898,-76.572746211518;39.299090006621
MD	Baltimore City	Baltimore	Fairfield Area	269809	62	-76.613397472116;39.242425901388,-76.612655080296;39.246023646362,-76.611169972208;39.24681998281,-76.608771800007;39.247051573497,-76.607120080668;39.243399400596,-76.604884673244;39.243746068058,-76.602718451321;39.244082006217,-76.599798695721;39.247775420043,-76.597864350959;39.248536357137,-76.597179066203;39.246766038182,-76.598492528653;39.245052826289,-76.595808496689;39.244367541532,-76.592843483498;39.246027501751,-76.59323867885;39.244710183911,-76.592096537589;39.244367541532,-76.59241397305;39.247311991381,-76.593189168098;39.249520166232,-76.591632563671;39.250066622978,-76.588535015527;39.25115403867,-76.585700546525;39.250706425534,-76.586150060817;39.247859917639,-76.585529225335;39.247337108812,-76.582788086308;39.250592211408,-76.581328082417;39.251886503966,-76.57930455546;39.251334603228,-76.575706810486;39.249849819588,-76.574907311603;39.248022393569,-76.569270611442;39.244215200671,-76.568397106413;39.241969044883,-76.566341252142;39.242768543767,-76.562286650664;39.237400479837,-76.563086149547;39.237057837459,-76.561520058646;39.235172141174,-76.559963207602;39.235184519736,-76.559570895984;39.234210896021,-76.562001115348;39.233231664233,-76.5629775182;39.23283823279,-76.559602618699;39.232717700665,-76.559659725763;39.231118702899,-76.562115329475;39.229805240448,-76.561944008285;39.227178315547,-76.564098109463;39.22391465261,-76.567234737956;39.225719288182,-76.567189767009;39.224785869373,-76.568168678161;39.224951140087,-76.569482140611;39.226550137853,-76.571366673693;39.226892780232,-76.576563416433;39.225179568339,-76.579845130919;39.226873417986,-76.579845130919;39.228562797769,-76.580646014649;39.230756522767,-76.581523805171;39.231387560831,-76.581446898378;39.232079721972,-76.584580791232;39.232427932289,-76.586989996035;39.232309968428,-76.587390021494;39.23201002447,-76.587989984547;39.231910018105,-76.600779979619;39.235820034046,-76.598699982476;39.239980028331,-76.601016318199;39.240680516804,-76.60868003162;39.240300033671,-76.613397472116;39.242425901388
MD	Baltimore City	Baltimore	Canton	157180	40	-76.586879996548;39.285919991947,-76.584240009408;39.286019998168,-76.572956315413;39.286497557225,-76.569040018167;39.286660008992,-76.562390008158;39.287049966192,-76.56199679504;39.280774502305,-76.553497477896;39.281083721394,-76.553283484282;39.277658700707,-76.5536097209;39.276136263155,-76.543712633826;39.276525225569,-76.54315914869;39.265818001304,-76.542614309237;39.262991646641,-76.541967312386;39.26169765294,-76.535835254296;39.258503450049,-76.538400313212;39.25330670731,-76.541731558558;39.253906331472,-76.54049899778;39.256338140574,-76.54752792546;39.260635447071,-76.554023853885;39.260502197257,-76.554009442004;39.25979961808,-76.555356352023;39.259402886293,-76.555489601837;39.257537388899,-76.557221849417;39.257937138341,-76.558314497891;39.256804514923,-76.562678429294;39.256271515668,-76.563977614979;39.256438077935,-76.569973856602;39.259669385921,-76.571383665687;39.261580324563,-76.572088988776;39.262536361208,-76.573414557152;39.267627731052,-76.573014807711;39.268655658187,-76.572158201764;39.273452651486,-76.573071914773;39.275222970441,-76.575698839675;39.276022469324,-76.577697586883;39.275622719883,-76.579924762343;39.276365111703,-76.580952689478;39.277849895343,-76.580667154162;39.278820715415,-76.586650070804;39.28227331327,-76.586879996548;39.285919991947
MD	Baltimore City	Baltimore	Hopkins-Middle East	274058	13	-76.599489965135;39.291409973207,-76.599751996158;39.294973669305,-76.599970010714;39.298089962585,-76.599110001058;39.298120017089,-76.599350798052;39.301617216508,-76.599530012763;39.30422002966,-76.589990036706;39.304409974131,-76.588189997277;39.30460998686,-76.585375474879;39.304736150079,-76.585047564197;39.298817455182,-76.584699993783;39.291969963017,-76.593589964494;39.291609986454,-76.599489965135;39.291409973207
MD	Baltimore City	Baltimore	Brooklyn-Curtis Bay	273067	42	-76.613397472116;39.242425901388,-76.608680031619;39.240300033671,-76.601016318199;39.240680516804,-76.598699982476;39.239980028331,-76.600779979618;39.235820034046,-76.587989984547;39.231910018105,-76.587390021494;39.23201002447,-76.586989996035;39.232309968428,-76.584580791232;39.232427932289,-76.581446898378;39.232079721972,-76.581523805171;39.231387560831,-76.580646014648;39.230756522767,-76.579845130919;39.228562797769,-76.580228162268;39.227274419596,-76.580994224966;39.226926209279,-76.579705846792;39.225498546979,-76.579810309888;39.22389677952,-76.577442479731;39.223200358886,-76.579079068222;39.222747685474,-76.57660677497;39.221772696586,-76.577477300763;39.221494128332,-76.576223743621;39.22104145492,-76.578556752746;39.220275392222,-76.578661215841;39.2186039827,-76.579325175186;39.218645480159,-76.578487110683;39.215853121195,-76.579236588525;39.215628182072,-76.580785298775;39.216131689449,-76.580715656712;39.215400447783,-76.583502622245;39.215135022494,-76.584476328137;39.21473884818,-76.586391484881;39.21452992199,-76.58719236861;39.213903143419,-76.588341462656;39.213833501356,-76.589142346386;39.21310225969,-76.597890013571;39.221210013299,-76.608189992918;39.231109967186,-76.611789996642;39.234310020587,-76.618138221847;39.237134971603,-76.617263692566;39.238545502702,-76.615119685296;39.240858773704,-76.613397472116;39.242425901388
MD	Baltimore City	Baltimore	West Baltimore	163743	58	-76.647339967826;39.293210012309,-76.648329963921;39.309940024043,-76.646569971732;39.310000037715,-76.646779977591;39.312789996702,-76.646349971731;39.313090016234,-76.643847844776;39.315647910767,-76.643680551807;39.315484934205,-76.639490032272;39.315610010377,-76.634518184611;39.310402504513,-76.621932682646;39.300383244738,-76.626328053744;39.296479281843,-76.627720376011;39.294540951763,-76.627802276402;39.293503535747,-76.631430014686;39.293420018169,-76.628786606481;39.288954385352,-76.625699973665;39.283739988863,-76.623230018585;39.283500002534,-76.623159991241;39.281129981048,-76.625400028353;39.275769984949,-76.626339983432;39.27504003573,-76.625390036165;39.274210006432,-76.624177391633;39.273544936119,-76.625638186556;39.269513432209,-76.62645250101;39.269808494709,-76.630168680701;39.269313557209,-76.631499965858;39.26907000838,-76.632290909218;39.266909090409,-76.632890909219;39.266509090409,-76.63508997758;39.265929988846,-76.637190909223;39.268209090411,-76.640390012742;39.270429975179,-76.647570034233;39.271169992757,-76.649090909234;39.271609090414,-76.650490909235;39.271309090414,-76.653590909238;39.273109090415,-76.653990909239;39.274909090417,-76.65499090924;39.275809090418,-76.656290909241;39.276609090419,-76.65756999518;39.276240037684,-76.657990909242;39.276209090418,-76.659590909244;39.275309090417,-76.661190909245;39.276909090419,-76.66114001862;39.277319971279,-76.660769973698;39.280599969328,-76.660790909245;39.282709090424,-76.659790909244;39.286009090427,-76.664650010811;39.287659996679,-76.66659090925;39.290209090431,-76.668291452221;39.29193271348,-76.669290909253;39.293009090434,-76.670179963941;39.294270035748,-76.665799969796;39.294539998638,-76.663790001045;39.293510031841,-76.65479002838;39.293689983013,-76.65183003619;39.29301000059,-76.649790010797;39.292909992778,-76.648890028374;39.293210012309,-76.647339967826;39.293210012309
MD	Baltimore City	Baltimore	Highlandtown	159490	17	-76.572956315413;39.286497557225,-76.573859799789;39.299070635361,-76.572746211897;39.299090006455,-76.56989184666;39.299139658799,-76.56955872166;39.295974975202,-76.564189971655;39.296710010359,-76.55039998922;39.300819963488,-76.548372000937;39.299812568956,-76.547455711874;39.300047289659,-76.551454329065;39.294919238873,-76.55377999313;39.29178002012,-76.553661438442;39.287291459569,-76.553497477504;39.281083721282,-76.561996795872;39.280774502532,-76.562390008763;39.287049965428,-76.569040018534;39.286660008397,-76.572956315413;39.286497557225
MD	Baltimore City	Baltimore	Govans	273853	19	-76.609829215385;39.355553633342,-76.602202062391;39.354582390156,-76.598062387784;39.354396214194,-76.598489976624;39.352599968251,-76.599730025493;39.346090012234,-76.599689977865;39.345210016333,-76.600390022418;39.340109992274,-76.598233708973;39.336658760403,-76.595289998359;39.334009979703,-76.59508998563;39.328409998956,-76.597589994477;39.328409998956,-76.599567159247;39.328433814646,-76.600590035148;39.328610011685,-76.602298780431;39.328467127099,-76.603398039921;39.328489593496,-76.60340623844;39.328560305726,-76.603665590688;39.330797223282,-76.609306516475;39.331121414688,-76.609829215385;39.355553633342
MD	Baltimore City	Baltimore	Fells Point	158479	28	-76.593589964494;39.291609986454,-76.584699993783;39.291969963017,-76.584240009408;39.286019998168,-76.586879995738;39.285919992308,-76.586650069957;39.282273312617,-76.587768569958;39.282556031367,-76.588040444958;39.281602410273,-76.587252644176;39.281680230585,-76.587171210582;39.280855853632,-76.587877026989;39.280786132928,-76.586803605113;39.279523283318,-76.587722620739;39.278742119255,-76.588963290662;39.278650218864,-76.59054703871;39.279822490349,-76.591168927383;39.279431380974,-76.59187564418;39.280108970818,-76.592683068009;39.279774550896,-76.596728968404;39.278098808707,-76.599302210594;39.278282611442,-76.601048337548;39.279707086052,-76.600818583642;39.280855853632,-76.600233648095;39.281628650507,-76.598173331686;39.281680855585,-76.598190032858;39.282339974727,-76.598320019186;39.287469978638,-76.599356491844;39.287472748169,-76.5994899645;39.291409972782,-76.593589964494;39.291609986454
MD	Baltimore City	Baltimore	Midway-Coldstream	274531	36	-76.609670027008;39.318000020121,-76.609199974553;39.320200009874,-76.609289987795;39.323309974896,-76.609089975065;39.324309963408,-76.609179988307;39.326070030347,-76.60906998882;39.326980005616,-76.609289987795;39.327310004079,-76.609289987795;39.328610011685,-76.603434786807;39.32849034452,-76.602298780431;39.328467127099,-76.600590035148;39.328610011685,-76.599567159247;39.328433814646,-76.597589994477;39.328409998956,-76.589089979423;39.328409998956,-76.589189985788;39.327610023174,-76.588989973059;39.327310004079,-76.587639999838;39.32742999669,-76.584276743109;39.327101316507,-76.583244057052;39.328034065204,-76.578766862879;39.325135881479,-76.573703370687;39.321661393195,-76.575535556235;39.320262270147,-76.575735429283;39.319462770146,-76.581165360928;39.314832340454,-76.582631107023;39.314232715454,-76.58246837672;39.318340260447,-76.587281426817;39.318702143913,-76.590396958438;39.321552056384,-76.592818243847;39.319317345806,-76.595859982043;39.316509992908,-76.601430360445;39.317958088751,-76.602409985688;39.3181499921,-76.603379994831;39.318340011707,-76.604712901952;39.318415645761,-76.605699977194;39.318159985223,-76.609670027008;39.318000020121
MD	Baltimore City	Baltimore	Federal Hill	273712	31	-76.623230018494;39.283500003219,-76.622189982354;39.283509996342,-76.620380024938;39.284250013387,-76.620480031302;39.285269988144,-76.618939963339;39.285340015141,-76.618882439332;39.284074919041,-76.617479990631;39.284199972637,-76.614390011854;39.284509984854,-76.611285472588;39.284454765087,-76.611324348891;39.28226908019,-76.608019973874;39.282210305988,-76.60745454044;39.282439361653,-76.604189920001;39.280274052178,-76.603590295839;39.278075430249,-76.603157233944;39.277642368354,-76.605789990436;39.277509990136,-76.606239981509;39.277710002865,-76.611085597867;39.277142681552,-76.61099002086;39.274909974924,-76.61680000746;39.27471003733,-76.6202199847;39.275449979239,-76.62188996326;39.272310034848,-76.62272515393;39.272754230776,-76.622424505346;39.273319519371,-76.62314470602;39.274077935834,-76.624177392077;39.273544936579,-76.625390035755;39.274210005506,-76.626339983516;39.275040035793,-76.625400028878;39.275769984579,-76.623159991497;39.281129980105,-76.623230018494;39.283500003219
MD	Baltimore City	Baltimore	Madison-Eastend	274393	7	-76.585368134551;39.304729729039,-76.582769967877;39.304839978959,-76.572878464871;39.305059137245,-76.572746211518;39.299090006621,-76.573850917124;39.299065530523,-76.585047564197;39.298817455182,-76.585368134551;39.304729729039
MD	Baltimore City	Baltimore	Beechfielf-Irvington Area	272904	36	-76.696650017627;39.293229998129,-76.672109988908;39.294310007513,-76.671989996298;39.294109994784,-76.670179963745;39.294270035022,-76.669290909091;39.293009090909,-76.668291451524;39.291932713864,-76.666590909091;39.290209090909,-76.664650009994;39.287659997504,-76.659790909091;39.286009090909,-76.660790909091;39.282709090909,-76.660769973422;39.280599968913,-76.661140019512;39.277319970529,-76.664940035966;39.276180003161,-76.665889983727;39.275710025842,-76.669136363636;39.275718181818,-76.671540005224;39.275909963435,-76.674990036969;39.275209994018,-76.675690909883;39.274209089954,-76.676690909884;39.274709089954,-76.676890909885;39.275009089954,-76.679690909887;39.277309089956,-76.681690909889;39.277209089956,-76.68269090989;39.277409089956,-76.68358998411;39.276510002065,-76.685889980206;39.278110027457,-76.687690909895;39.279009089958,-76.688590909895;39.278409089957,-76.6928909099;39.279009089958,-76.692690036852;39.281610025507,-76.694220036854;39.286029992308,-76.695570009511;39.287300019653,-76.695949974355;39.28846996692,-76.697119995841;39.289160017702,-76.697390034904;39.291110029422,-76.696689989981;39.291609986454,-76.696650017627;39.293229998129
MD	Baltimore City	Baltimore	Riverside	275198	35	-76.606239981509;39.277710002865,-76.605789990436;39.277509990136,-76.603157233944;39.277642368354,-76.603104704522;39.276597655886,-76.599093114621;39.274510997729,-76.599259676889;39.273478311672,-76.599689977865;39.272709985171,-76.599290027542;39.272020008877,-76.600789972741;39.268909968718,-76.600590035148;39.2682099993,-76.601938215664;39.265721019799,-76.602192174285;39.26553705034,-76.606888228731;39.261419203519,-76.604389794722;39.259520393672,-76.606122042302;39.258221207987,-76.607254665719;39.258820832149,-76.610219474077;39.255386318198,-76.610419348798;39.257251815591,-76.611951721657;39.258051314474,-76.613450782063;39.259350500159,-76.613484094516;39.260283248856,-76.614789263535;39.260236635677,-76.618547587442;39.262748370413,-76.620846146731;39.264946992341,-76.62064627201;39.269743985639,-76.621978770149;39.270077110174,-76.621961521194;39.270510810939,-76.621545708254;39.270976546417,-76.621379145986;39.272042544928,-76.62188996326;39.272310034848,-76.6202199847;39.275449979239,-76.61680000746;39.27471003733,-76.61099002086;39.274909974924,-76.611085597867;39.277142681552,-76.606239981509;39.277710002865
MD	Baltimore City	Baltimore	Chinquapin Park-Belvedere	273241	34	-76.629990909072;39.356909090493,-76.629890909072;39.358809090495,-76.629190909071;39.360409090497,-76.629390909071;39.361709090498,-76.627845453992;39.36509090886,-76.628375434461;39.368795658864,-76.626268192271;39.372037570976,-76.62027065711;39.372459018242,-76.609799711788;39.37210506707,-76.597090909041;39.372009090507,-76.600190909044;39.369209090505,-76.600254545763;39.368172727223,-76.597990909042;39.3642090905,-76.598114737167;39.360699781903,-76.597890909042;39.358209090495,-76.598062387558;39.354396213538,-76.602202063343;39.354582389319,-76.609829215694;39.355553633461,-76.609306516475;39.331121414688,-76.611964883664;39.331542863907,-76.613780352416;39.332547856096,-76.614785344605;39.332418180314,-76.6161145282;39.331445606095,-76.62311705555;39.336016699849,-76.623990909066;39.336309090474,-76.625090909067;39.338509090476,-76.625172727427;39.339109090477,-76.625709090708;39.339463635399,-76.625672727427;39.340372727197,-76.626290909068;39.345009090482,-76.62809090907;39.348509090485,-76.629290909071;39.35320909049,-76.629590909071;39.356409090493,-76.629990909072;39.356909090493
MD	Baltimore City	Baltimore	Greenmount East	276354	18	-76.613929481323;39.311099373654,-76.609455643428;39.311293889279,-76.599576311387;39.311768457639,-76.583279992824;39.312670003963,-76.582769967877;39.304839978959,-76.585368134551;39.304729729039,-76.588189997277;39.30460998686,-76.589990036706;39.304409974131,-76.599530012763;39.30422002966,-76.599350798052;39.301617216508,-76.611499682313;39.301079655258,-76.611629439404;39.303352034202,-76.61161311877;39.30368932731,-76.611531217465;39.305381954277,-76.611968024424;39.305764160367,-76.612032496561;39.305774886179,-76.613450197774;39.306082878673,-76.613929481323;39.311099373654
MD	Baltimore City	Baltimore	Wakefield	163593	22	-76.711365668333;39.312549155948,-76.711213717279;39.319978261623,-76.710244608038;39.318970819929,-76.707390909091;39.320009090909,-76.703989344891;39.318709692524,-76.702988757905;39.31610816636,-76.700295179292;39.316508563181,-76.699194088034;39.318110150464,-76.696391310288;39.317609654438,-76.695890814262;39.316808860796,-76.695890814262;39.315543970839,-76.690294358697;39.314106182255,-76.689093168234;39.312413595694,-76.689095598395;39.312409177219,-76.690169517971;39.312428943558,-76.692334827446;39.312828693,-76.695832635059;39.310596758618,-76.698131194348;39.309763947282,-76.698930693231;39.309730634828,-76.703627749169;39.309830572188,-76.707825118305;39.310596758618,-76.711365668333;39.312549155948
MD	Baltimore City	Baltimore	Pulaski	275107	14	-76.529422383978;39.296727424528,-76.533678942206;39.294851133662,-76.53551777536;39.294612766401,-76.546686984149;39.294953291059,-76.549683601141;39.294714923798,-76.551454329363;39.294919238593,-76.547455712444;39.300047289414,-76.545631357708;39.302386944347,-76.542889329835;39.306511803307,-76.541590036734;39.310110036379,-76.540489966721;39.311910000673,-76.538670016182;39.313760005717,-76.529708347734;39.322991163073,-76.529422383978;39.296727424528
MD	Baltimore City	Baltimore	Hampden-Woodberry-Remington	273920	39	-76.658259971598;39.340979994775,-76.654590016517;39.342209975245,-76.650689993076;39.344809990873,-76.648618043855;39.34513933267,-76.64860558487;39.345108752592,-76.645329996977;39.345059969389,-76.644090024319;39.344210027981,-76.640089995019;39.343409977199,-76.639889981347;39.341910031886,-76.636489991109;39.33630997524,-76.635890028218;39.333909973284,-76.633150034075;39.326630020153,-76.63339001845;39.325010008432,-76.633390713763;39.325008852182,-76.62839090907;39.318909090458,-76.62783940907;39.317739533816,-76.629729981337;39.316849984987,-76.630189965713;39.316609998659,-76.632870000871;39.3165099928,-76.6328899872;39.316810012331,-76.636289977437;39.31691001819,-76.638689981346;39.316209973268,-76.639490032128;39.315610010377,-76.643680551663;39.315484934205,-76.643962444241;39.315829811158,-76.646390020415;39.31691001819,-76.647390008697;39.319410027958,-76.649510229403;39.320515113897,-76.654900028236;39.321859994758,-76.657440008707;39.325469992808,-76.655250012611;39.32801996742,-76.653989977454;39.330209963515,-76.655829989174;39.333540002581,-76.656489987222;39.337809996726,-76.657899993082;39.338159981101,-76.658090012614;39.338909990867,-76.657890000895;39.339410022118,-76.657990006754;39.340109992822,-76.658259971598;39.340979994775
MD	Baltimore City	Baltimore	Cherry Hill	157467	36	-76.631499966313;39.269070008956,-76.628790026749;39.26841001203,-76.627930017094;39.268520011517,-76.625699972836;39.268170026809,-76.626573197817;39.266513513325,-76.626601408439;39.26572361591,-76.62919678566;39.261068863285,-76.631171529198;39.258501696685,-76.630861212357;39.258360643576,-76.629450681258;39.258812013527,-76.62575508978;39.257091165587,-76.624965192364;39.255951456459,-76.623131501936;39.255612928995,-76.621636338972;39.255979667081,-76.616417373907;39.256515668899,-76.614922210942;39.255612928995,-76.612721782428;39.252425128712,-76.612122447771;39.250778843419,-76.608771800007;39.247051573497,-76.611169972208;39.24681998281,-76.612655080296;39.246023646362,-76.613397472116;39.242425901388,-76.615119685296;39.240858773704,-76.617263692566;39.238545502702,-76.618138221847;39.237134971603,-76.633823327664;39.243880131317,-76.643890011061;39.248809966711,-76.641790027673;39.250109974317,-76.638290030314;39.252809995894,-76.636719982982;39.25358998543,-76.635690015102;39.255510017471,-76.635262069384;39.25957370032,-76.635089976914;39.265929989428,-76.632890909091;39.266509090909,-76.632290909091;39.266909090909,-76.631499966313;39.269070008956
MD	Baltimore City	Baltimore	Pimlico	161629	21	-76.696728932716;39.345587908842,-76.691701926852;39.34873420572,-76.69046462021;39.349653348299,-76.676802874104;39.356007651039,-76.674389999101;39.357110022134,-76.672190008865;39.357010016275,-76.670789995192;39.356609990884,-76.663589987609;39.355109970221,-76.663389974879;39.354309994439,-76.665490033404;39.353209999563,-76.66989001291;39.352310017416,-76.675849971488;39.348749986183,-76.67956912956;39.346514755705,-76.683003681412;39.343570854118,-76.684474707146;39.342309974917,-76.685735586346;39.341763593931,-76.689812429093;39.342940414518,-76.6917457772;39.342688238678,-76.694257753026;39.343651016262,-76.696664715919;39.345542203764,-76.696728932716;39.345587908842
MD	Baltimore City	Baltimore	Grove Park	269822	14	-76.711524490133;39.349322902639,-76.707065525536;39.352808174967,-76.706191932472;39.35238957829,-76.702260763685;39.349959897582,-76.698866490635;39.348158111887,-76.698102096705;39.347430117668,-76.696728007615;39.345591932263,-76.6942577521;39.343651017215,-76.697895537561;39.340157895463,-76.70272486;39.336246306466,-76.70426274779;39.335318113835,-76.705227340131;39.334417220988,-76.711224192517;39.336319105888,-76.711524490133;39.349322902639
MD	Baltimore City	Baltimore	Belaire-Edison	272908	33	-76.573070433186;39.314066152954,-76.578386522143;39.313900406026,-76.582631107023;39.314232715454,-76.581165360928;39.314832340454,-76.575735429283;39.319462770146,-76.575535556235;39.320262270147,-76.573703370687;39.321661393195,-76.578766862879;39.325135881479,-76.575402306235;39.328667002576,-76.573433405018;39.331248820491,-76.570463171377;39.329321993838,-76.570405827955;39.32878834409,-76.570769464319;39.327051980453,-76.569669464319;39.326951980453,-76.568469464319;39.327551980453,-76.567669983963;39.326500035777,-76.561265909738;39.331109223282,-76.560331751534;39.329932875625,-76.558632815985;39.328866875623,-76.553702573793;39.327201254528,-76.551670513245;39.32583544398,-76.549305329649;39.321937885383,-76.550637827697;39.321371574835,-76.551903700745;39.320505449834,-76.552203513245;39.319372826786,-76.554884108951;39.317513807253,-76.554889478091;39.317515088504,-76.559498940986;39.314908957642,-76.564329245678;39.313309961547,-76.567319998856;39.313220001402,-76.570425425371;39.313043461546,-76.572357546467;39.314242709594,-76.573070433186;39.314066152954
MD	Baltimore City	Baltimore	Westgate	276020	42	-76.711322925542;39.277920572379,-76.711755988042;39.278153759879,-76.711197605229;39.279190755974,-76.711190011479;39.291809998173,-76.705393308349;39.292198291142,-76.704194060301;39.292598039189,-76.702249999752;39.292389974736,-76.697957601311;39.293033855596,-76.696650017325;39.293229998174,-76.696689989981;39.291609986454,-76.697390034904;39.291110029422,-76.697119995841;39.289160017702,-76.695949974355;39.28846996692,-76.695570009511;39.287300019653,-76.694220036854;39.286029992308,-76.692690036852;39.281610025507,-76.6928909099;39.279009089958,-76.688590909895;39.278409089957,-76.687690909895;39.279009089958,-76.685889980206;39.278110027457,-76.68358998411;39.276510002065,-76.68269090989;39.277409089956,-76.681690909889;39.277209089956,-76.679690909887;39.277309089956,-76.676890909885;39.275009089954,-76.676690909884;39.274709089954,-76.675690909883;39.274209089954,-76.677090909885;39.272209089952,-76.67752002512;39.270250023543,-76.678190909886;39.269109089949,-76.678890909887;39.267709089947,-76.678790909886;39.266309089946,-76.678689972386;39.265809996196,-76.677559997776;39.265389984476,-76.675639966524;39.264040011819,-76.676890007541;39.263009968849,-76.677126632541;39.263339818459,-76.681527489967;39.265060666117,-76.685190009502;39.266709978618,-76.685759081768;39.266753302837,-76.69198999193;39.269610013777,-76.711322925542;39.277920572379
MD	Baltimore City	Baltimore	Cedonia	157365	30	-76.529690030686;39.323010030938,-76.538670016182;39.313760005717,-76.540489966721;39.311910000673,-76.541590036734;39.310110036379,-76.542889969204;39.306510032655,-76.544881818182;39.308409090909,-76.545181818182;39.309009090909,-76.547281818182;39.309909090909,-76.547181818182;39.310809090909,-76.548181818182;39.311409090909,-76.548281818182;39.310509090909,-76.550390909091;39.311309090909,-76.550290909091;39.312909090909,-76.549590909091;39.313509090909,-76.549790909091;39.315309090909,-76.551090909091;39.316609090909,-76.554884108887;39.317513806919,-76.552203512917;39.319372827304,-76.551903700836;39.320505450722,-76.550637827605;39.321371574512,-76.549305329466;39.321937886221,-76.551670513662;39.325835443276,-76.553702573323;39.327201253868,-76.558632816435;39.328866876541,-76.560331751562;39.329932875051,-76.561265909738;39.331109223282,-76.544028553181;39.343542879689,-76.535068553932;39.341552895789,-76.529768592279;39.342252865206,-76.529690030686;39.323010030938
MD	Baltimore City	Baltimore	Dundalk Cityside	273516	21	-76.543712633826;39.276525225569,-76.538004735988;39.276734363622,-76.534944487293;39.276846491497,-76.533084223848;39.27691465177,-76.529719790575;39.277866547205,-76.529739075313;39.272945826301,-76.529472575685;39.272379514592,-76.529739075313;39.265998752078,-76.529422383978;39.240326325392,-76.532487105902;39.239372856349,-76.539297599066;39.245366090333,-76.538276025091;39.247238975953,-76.53820792016;39.249043756642,-76.534836726044;39.255513725147,-76.535000474117;39.256004008413,-76.53487077851;39.258033607618,-76.535835254296;39.258503450049,-76.541967312386;39.26169765294,-76.542614309237;39.262991646641,-76.54315914869;39.265818001304,-76.543712633826;39.276525225569
MD	Baltimore City	Baltimore	Downtown	269797	14	-76.608619997746;39.292550015711,-76.606640006969;39.290759969404,-76.606455277929;39.289891396862,-76.613779980543;39.289649981404,-76.628786607264;39.288954385823,-76.631430014453;39.293420018489,-76.6278022767;39.293503535027,-76.627720375395;39.294540951556,-76.626328053212;39.296479282438,-76.623980028661;39.294679978468,-76.61408999276;39.295109983295,-76.610785785786;39.295151393893,-76.610530036664;39.294139974152,-76.608619997746;39.292550015711
MD	Baltimore City	Baltimore	Greater Rosemont	273883	27	-76.684789984492;39.313610033738,-76.680820009814;39.313100008791,-76.674790024239;39.311210031255,-76.672500021245;39.311269989993,-76.672380028634;39.309119965854,-76.648329963059;39.309940003018,-76.64733996767;39.293210012637,-76.648890028756;39.293210012637,-76.649790010903;39.292909993542,-76.651830035554;39.293009999907,-76.654790028597;39.293689983079,-76.663790000339;39.293510031731,-76.665799970485;39.294539999611,-76.670179963745;39.294270035022,-76.670601782808;39.296262409894,-76.671534531505;39.296728784242,-76.673666528526;39.300126654495,-76.67438999878;39.302109978013,-76.674393975274;39.302113108453,-76.679076471024;39.305769783844,-76.681130730792;39.306835340486,-76.681164359088;39.306842946876,-76.684952701109;39.307699833121,-76.685225698941;39.308072930158,-76.684388505589;39.309110321922,-76.684088207973;39.312258896922,-76.684789984492;39.313610033738
MD	Baltimore City	Baltimore	Cheswolde Area	273235	36	-76.711272725554;39.371927274101,-76.70871818063;39.371818182304,-76.708354543911;39.372027274101,-76.708299998989;39.372063637383,-76.705154543907;39.372045455742,-76.702827272421;39.372063637383,-76.700045454059;39.372054545586,-76.697381817338;39.372045455742,-76.696890909134;39.372063637383,-76.693690909131;39.372063637383,-76.692822424755;39.372063637383,-76.692822424755;39.372063635429,-76.683409090762;39.372081819023,-76.682740067324;39.372382803398,-76.678455907164;39.372518422539,-76.670917893485;39.372056166679,-76.666163635668;39.372054545586,-76.666479875903;39.371603744804,-76.665756526293;39.370208713553,-76.664955676683;39.367237813159,-76.667472727466;39.367545453785,-76.668790909108;39.367309090503,-76.673390909112;39.3645090905,-76.675590909114;39.362709090499,-76.678390909117;39.361809090498,-76.681840526308;39.362144699873,-76.686490909125;39.362609090499,-76.689809989206;39.363939983078,-76.690090020456;39.363709992843,-76.690789989207;39.362810010421,-76.691789977489;39.361910027998,-76.692590030224;39.36096000456,-76.694276461866;39.358829709636,-76.698573768511;39.361228205732,-76.700040469684;39.362463924483,-76.711272725554;39.371927274101
MD	Baltimore City	Baltimore	Greater Mount Washington	273882	40	-76.652290909091;39.372109090909,-76.651290909091;39.370209090909,-76.649690909091;39.370009090909,-76.648390909091;39.367209090909,-76.648290909091;39.364609090909,-76.649290909091;39.362309090909,-76.650090909091;39.360409090909,-76.649990909091;39.358109090909,-76.649390909091;39.357609090909,-76.645536363636;39.350463636364,-76.645690909091;39.348709090909,-76.647690909091;39.347209090909,-76.648890909091;39.345809090909,-76.648618044267;39.345139331796,-76.65068999305;39.344809990874,-76.654590015868;39.342209975662,-76.658259971451;39.340979995052,-76.657290037445;39.342309982027,-76.658989995374;39.344310034186,-76.659590033562;39.346610030304,-76.659390020833;39.347309999721,-76.659390020833;39.34920997038,-76.660590022074;39.353310005927,-76.663589987609;39.355109970221,-76.670789995056;39.356609990557,-76.672190009027;39.357010016016,-76.67438999878;39.357110022381,-76.676783531282;39.356016646327,-76.680478793386;39.359835083834,-76.681840525819;39.362144700836,-76.678390909091;39.361809090909,-76.675590909091;39.362709090909,-76.673390909091;39.364509090909,-76.668790909091;39.367309090909,-76.667472727273;39.367545454545,-76.664955675788;39.367237812782,-76.665756527089;39.370208712769,-76.666479876651;39.371603744068,-76.666193277858;39.372012291424,-76.652290909091;39.372109090909
MD	Baltimore City	Baltimore	Monument Street Area	274583	22	-76.550399988868;39.30081996353,-76.565890005517;39.311409968849,-76.567319998856;39.313220001402,-76.564329245678;39.313309961547,-76.559498940986;39.314908957642,-76.554884108887;39.317513806919,-76.551090909091;39.316609090909,-76.549790909091;39.315309090909,-76.549590909091;39.313509090909,-76.550290909091;39.312909090909,-76.550390909091;39.311309090909,-76.548281818182;39.310509090909,-76.548181818182;39.311409090909,-76.547181818182;39.310809090909,-76.547281818182;39.309909090909,-76.545181818182;39.309009090909,-76.544881818182;39.308409090909,-76.542889329835;39.306511803307,-76.545631357708;39.302386944347,-76.547455712444;39.300047289414,-76.548372001575;39.299812569458,-76.550399988868;39.30081996353
MD	Baltimore City	Baltimore	Charles Village	157423	47	-76.60967002624;39.318000020145,-76.605699977409;39.318159984988,-76.604712901236;39.318415645145,-76.603379994985;39.318340012332,-76.602409985218;39.318149992801,-76.601430360217;39.317958088504,-76.595859981306;39.3165099928,-76.598997297715;39.313469309203,-76.599576311387;39.311768457639,-76.609455643428;39.311293889279,-76.613929481323;39.311099373654,-76.613443194213;39.306009574821,-76.615680112184;39.30643102404,-76.620105028203;39.309010740839,-76.619518534062;39.310431541622,-76.620190909063;39.31070909045,-76.621290909064;39.311809090451,-76.623927534066;39.313543776,-76.627839409343;39.317739533894,-76.628309857849;39.318897560985,-76.627151830757;39.319404197837,-76.626355687132;39.320381283196,-76.626428063825;39.320743166662,-76.625776673587;39.324072494549,-76.626102368706;39.325302898333,-76.625290909068;39.326109090465,-76.624890909067;39.327309090466,-76.625790909068;39.331109090469,-76.623290909066;39.333809090472,-76.623990909066;39.336309090474,-76.62311705555;39.336016699849,-76.6161145282;39.331445606095,-76.614785344605;39.332418180314,-76.613780352416;39.332547856096,-76.611964883664;39.331542863907,-76.609306516475;39.331121414688,-76.603665590688;39.330797223282,-76.603406239125;39.328560305311,-76.603398039906;39.328489594373,-76.609289987178;39.328610012342,-76.609289987178;39.327310004528,-76.609069989131;39.326980006481,-76.609179989131;39.326070029918,-76.609089975459;39.32430996351,-76.609289987178;39.323309975228,-76.609199975459;39.320200010381,-76.60967002624;39.318000020145
MD	Baltimore City	Baltimore	Bayview Area	276202	19	-76.553779993715;39.29178002012,-76.551454329651;39.294919238873,-76.549683601133;39.29471492442,-76.546686983943;39.294953291607,-76.535517774948;39.294612766217,-76.533678942915;39.294851133404,-76.529422384318;39.296727424422,-76.529680036662;39.288009983007,-76.529692233927;39.284897693942,-76.529719790568;39.277866547451,-76.533084224165;39.276914650966,-76.534944487838;39.276846490809,-76.538004735888;39.276734363856,-76.543712634331;39.276525225184,-76.553609720278;39.276136262293,-76.553283483949;39.277658699795,-76.55349747809;39.281083721282,-76.553659689028;39.287225199804,-76.553779993715;39.29178002012
MD	Baltimore City	Baltimore	Berea Area	272944	14	-76.599576311532;39.311768457639,-76.598997297859;39.313469309203,-76.59585998145;39.3165099928,-76.592818243166;39.319317346318,-76.590396958008;39.321552057257,-76.587281426755;39.318702143192,-76.582468375969;39.318340260379,-76.582631106438;39.314232715454,-76.578386522143;39.313900406026,-76.573070433186;39.314066152954,-76.572878464871;39.305059137245,-76.582769967877;39.304839978959,-76.583279993157;39.312670004515,-76.599576311532;39.311768457639
MD	Baltimore City	Baltimore	Morrell Park	160898	48	-76.660245396203;39.255590360498,-76.673490016633;39.261310010947,-76.676890007562;39.263009968879,-76.675639966524;39.264040011819,-76.677559997776;39.265389984476,-76.678689972386;39.265809996196,-76.678790909886;39.266309089946,-76.678890909887;39.267709089947,-76.678190909886;39.269109089949,-76.67752002512;39.270250023543,-76.677090909885;39.272209089952,-76.675690909883;39.274209089954,-76.674990036969;39.275209994018,-76.671540005224;39.275909963435,-76.669136363636;39.275718181818,-76.665889983727;39.275710025842,-76.664940035966;39.276180003161,-76.661140019512;39.277319970529,-76.661190909091;39.276909090909,-76.659590909091;39.275309090909,-76.657990909091;39.276209090909,-76.657569995157;39.276240037035,-76.656290909091;39.276609090909,-76.654990909091;39.275809090909,-76.653990909091;39.274909090909,-76.653590909091;39.273109090909,-76.650490909091;39.271309090909,-76.649090909091;39.271609090909,-76.647570034904;39.271169992344,-76.648409983178;39.270419982176,-76.644789993208;39.267410023518,-76.644682131883;39.265940190711,-76.644772727273;39.265663636364,-76.644790909091;39.265154545455,-76.644945454546;39.2646,-76.645109090909;39.264236363636,-76.645636363636;39.263836363636,-76.646609090909;39.2632,-76.647190909091;39.262845454545,-76.650063114275;39.260725277848,-76.650458957613;39.260417780442,-76.650481818182;39.2604,-76.651;39.2604,-76.651008730102;39.26039618058,-76.6526;39.2597,-76.6572;39.2576,-76.659999519593;39.255800308833,-76.660245396203;39.255590360498
MD	Baltimore City	Baltimore	Winsor Hills	276108	27	-76.678630893887;39.321178877794,-76.678628239353;39.321176856237,-76.67748997068;39.320310009361,-76.676890007628;39.319449999706,-76.676890007628;39.315373761186,-76.674809678228;39.311216191402,-76.680820009814;39.313100008791,-76.684789984492;39.313610033738,-76.684111497314;39.312272158722,-76.685613900838;39.313141410251,-76.686991084924;39.314706777487,-76.687691779361;39.314506579076,-76.688492573003;39.313905983845,-76.689093168234;39.315007075102,-76.691386350027;39.315607670334,-76.691686647642;39.316408463975,-76.691586548437;39.317409456028,-76.691886846053;39.318010051259,-76.692687639695;39.318310348875,-76.69048545718;39.319211241722,-76.688892969824;39.320312332979,-76.688092176182;39.320212233774,-76.68535309793;39.321167726187,-76.684834402048;39.320476131679,-76.682186323074;39.321713721852,-76.680093339692;39.322314317084,-76.678630893887;39.321178877794
MD	Baltimore City	Baltimore	Reservoir Hill-Bolton Hill Area	275152	27	-76.639490032128;39.315610010377,-76.638689981346;39.316209973268,-76.636289977437;39.31691001819,-76.6328899872;39.316810012331,-76.632870000871;39.3165099928,-76.630189965713;39.316609998659,-76.629729981337;39.316849984987,-76.62783940907;39.317739533816,-76.623927534066;39.313543776,-76.621290909064;39.311809090451,-76.620190909063;39.31070909045,-76.619518534062;39.310431541622,-76.620105028203;39.309010740839,-76.615680112184;39.30643102404,-76.613443194213;39.306009574821,-76.611968024424;39.305764160367,-76.611531217465;39.305381954277,-76.61161311877;39.30368932731,-76.611629439404;39.303352034202,-76.611230912681;39.296372810741,-76.610785785786;39.295151393893,-76.61408999276;39.295109983295,-76.623980028661;39.294679978468,-76.626328053212;39.296479282438,-76.621932683184;39.300383244637,-76.634518183699;39.310402504266,-76.639490032128;39.315610010377
MD	Baltimore City	Baltimore	Lakeland	160124	32	-76.635089976914;39.265929989428,-76.635262069384;39.25957370032,-76.635690015102;39.25551001747,-76.636719982982;39.25358998543,-76.638290030314;39.252809995894,-76.641790027673;39.250109974317,-76.643890011061;39.248809966711,-76.652592837172;39.251897558315,-76.655690010744;39.25370997804,-76.660245396203;39.255590360498,-76.659999519593;39.255800308833,-76.6572;39.2576,-76.6526;39.2597,-76.651008730102;39.26039618058,-76.651;39.2604,-76.650481818182;39.2604,-76.650458957613;39.260417780442,-76.650063114275;39.260725277848,-76.647190909091;39.262845454545,-76.646609090909;39.2632,-76.645636363636;39.263836363636,-76.645109090909;39.264236363636,-76.644945454546;39.2646,-76.644790909091;39.265154545455,-76.644772727273;39.265663636364,-76.644682131883;39.265940190711,-76.644789993208;39.267410023518,-76.648409983178;39.270419982176,-76.647570034904;39.271169992344,-76.640390013703;39.270429975299,-76.637190909091;39.268209090909,-76.635089976914;39.265929989428
MD	Baltimore City	Baltimore	Roland Parl-Homewood-Guilford	275228	51	-76.652290909091;39.372109090909,-76.626268192271;39.372037570976,-76.628375434461;39.368795658864,-76.627845453992;39.36509090886,-76.629390909071;39.361709090498,-76.629190909071;39.360409090497,-76.629890909072;39.358809090495,-76.629990909072;39.356909090493,-76.629590909071;39.356409090493,-76.629290909071;39.35320909049,-76.62809090907;39.348509090485,-76.626290909068;39.345009090482,-76.625672727427;39.340372727197,-76.625709090708;39.339463635399,-76.625172727427;39.339109090477,-76.625090909067;39.338509090476,-76.623990909066;39.336309090474,-76.623290909066;39.333809090472,-76.625790909068;39.331109090469,-76.624890909067;39.327309090466,-76.625290909068;39.326109090465,-76.626102368706;39.325302898333,-76.625776673587;39.324072494549,-76.626428063825;39.320743166662,-76.626355687132;39.320381283196,-76.627151830757;39.319404197837,-76.628309857849;39.318897560985,-76.628390909091;39.318909090909,-76.633390712851;39.325008851496,-76.633390018985;39.325010007962,-76.633150033764;39.326630020908,-76.635890027832;39.333909973338,-76.636489990884;39.33630997582,-76.639889981878;39.341910031704,-76.640089994608;39.343409976903,-76.644090023791;39.344210027821,-76.645329997524;39.345059969218,-76.648605586057;39.345108752553,-76.648890909091;39.345809090909,-76.647690909091;39.347209090909,-76.645690909091;39.348709090909,-76.645536363636;39.350463636364,-76.649390909091;39.357609090909,-76.649990909091;39.358109090909,-76.650090909091;39.360409090909,-76.649290909091;39.362309090909,-76.648290909091;39.364609090909,-76.648390909091;39.367209090909,-76.649690909091;39.370009090909,-76.651290909091;39.370209090909,-76.652290909091;39.372109090909
MD	Baltimore City	Baltimore	Glen-Fallstaff Area	273831	513	-76.579299998868;39.207109092307,-76.579299998868;39.207227273948,-76.579272727384;39.207309092307,-76.579245453946;39.20740000051,-76.579209090665;39.207445455588,-76.579109090665;39.207572727073,-76.57895454379;39.207763637229,-76.578918180509;39.207809092308,-76.578881817227;39.207854545433,-76.578690909024;39.208090908714,-76.578545453946;39.208218182152,-76.578390909024;39.208300000511,-76.578245453946;39.208327273949,-76.578118180508;39.208327273949,-76.576590909022;39.208100000511,-76.575436362146;39.207909092308,-76.575027272302;39.207927273948,-76.574718180505;39.20798181887,-76.57449090902;39.20806363723,-76.574209090661;39.208227273949,-76.572399998862;39.209481818872,-76.572018180502;39.209890908716,-76.571627272299;39.210390908716,-76.571518180502;39.210663637232,-76.57146363558;39.210863637232,-76.57146363558;39.211009092311,-76.571527272299;39.211172727076,-76.571790909018;39.211472727077,-76.572099998862;39.211827273952,-76.572554543784;39.212463637234,-76.572690909019;39.212709092312,-76.572763635581;39.212909092312,-76.572790909019;39.213118182156,-76.572799998862;39.213309092313,-76.572836362144;39.213381818875,-76.572918180503;39.213409092313,-76.57410909066;39.213581818875,-76.574136362145;39.213600000516,-76.574163635582;39.213636363797,-76.574163635582;39.213672727079,-76.574145453942;39.213709092313,-76.574118180504;39.213727273954,-76.574072727379;39.213727273954,-76.572981817222;39.213563637235,-76.572790909019;39.213563637235,-76.572763635581;39.213581818875,-76.572754543784;39.213600000516,-76.572718180503;39.213836363798,-76.572690909019;39.213963637235,-76.572699998862;39.214000000516,-76.5727272723;39.214018182157,-76.572818180503;39.214027273954,-76.572890909019;39.214054545438,-76.573072727378;39.21419090872,-76.573099998863;39.214254545439,-76.573081817222;39.21429090872,-76.5730272723;39.214327273954,-76.5728272723;39.214372727079,-76.5727272723;39.214409092314,-76.572699998862;39.214436363798,-76.572672727378;39.214600000517,-76.57264545394;39.214663637236,-76.572581817222;39.214736363799,-76.5725272723;39.214845455595,-76.572290909018;39.215209092315,-76.572290909018;39.21525454544,-76.572309090659;39.215309092315,-76.572372727378;39.215345455596,-76.573172727378;39.21547272708,-76.573236362144;39.21547272708,-76.573299998863;39.215481818877,-76.573436362144;39.215545455596,-76.57370909066;39.215581818877,-76.573727272301;39.215609092315,-76.573699998863;39.215627273955,-76.572981817222;39.215527273955,-76.572399998862;39.21545454544,-76.572318180503;39.21547272708,-76.572281817221;39.215500000518,-76.572254543784;39.215545455596,-76.572199998862;39.215736363799,-76.572072727377;39.216290908722,-76.572036362143;39.216572727081,-76.572027272299;39.216627273956,-76.572081817221;39.216854545441,-76.572090909018;39.216900000519,-76.572227272299;39.217100000519,-76.572318180503;39.21721818216,-76.572381817221;39.21730000052,-76.572672727378;39.21750000052,-76.573145453941;39.217709092317,-76.573418180504;39.217845455598,-76.573554543785;39.217963637239,-76.57360909066;39.218118182161,-76.57360909066;39.218227273958,-76.573454543785;39.218509092318,-76.573345453941;39.218563637239,-76.57320909066;39.218572727083,-76.573036362144;39.218554545443,-76.572763635581;39.218445455599,-76.571954543784;39.218045455598,-76.569845453938;39.216854545441,-76.569399998859;39.216572727081,-76.569299998859;39.216490908722,-76.569145453937;39.216327273956,-76.568872727374;39.21615454544,-76.568563635577;39.215963637237,-76.568499998858;39.215890908721,-76.568445453936;39.215800000518,-76.568318180499;39.215645455596,-76.56785454378;39.215163637236,-76.567599998858;39.214990908721,-76.567254543779;39.21487272708,-76.566990909013;39.214836363799,-76.566545453935;39.214818182158,-76.565754543778;39.214854545439,-76.564299998854;39.215081818877,-76.563427272291;39.215263637236,-76.563363635572;39.215263637236,-76.563345453932;39.21525454544,-76.563336362135;39.215218182158,-76.563336362135;39.215181818877,-76.563363635572;39.215136363799,-76.563563635573;39.215063637236,-76.563799998854;39.215063637236,-76.563863635573;39.215045455596,-76.563881817213;39.214990908721,-76.56387272737;39.214936363799,-76.56359090901;39.214745455595,-76.563272727369;39.214563637236,-76.563036362134;39.214500000517,-76.562927272291;39.214481818876,-76.562799998853;39.214481818876,-76.562499998853;39.214663637236,-76.56212727229;39.214709092314,-76.56192727229;39.214745455595,-76.56174545393;39.21479090872,-76.561563635571;39.21489090872,-76.560554543773;39.215290908721,-76.560336362132;39.215290908721,-76.560299998851;39.215309092315,-76.560236362132;39.215363637236,-76.560199998851;39.215436363799,-76.560190909007;39.215563637237,-76.560199998851;39.215690908721,-76.56018181721;39.215863637237,-76.559990909007;39.2159363638,-76.559827272288;39.215945455596,-76.559263635568;39.215945455596,-76.559072727365;39.215990908722,-76.558872727365;39.216072727081,-76.558736362131;39.216090908722,-76.558690909006;39.216100000519,-76.558554543771;39.216072727081,-76.558499998849;39.216000000518,-76.558354543771;39.215445455596,-76.558272727364;39.215236363799,-76.558199998849;39.21515454544,-76.558090909005;39.215118182158,-76.55783636213;39.215100000518,-76.557181817207;39.21515454544,-76.556809090644;39.215163637236,-76.556627272285;39.215227273955,-76.556436362128;39.215290908721,-76.556254543769;39.215427273955,-76.555681817206;39.21615454544,-76.555499998846;39.216481818878,-76.555463635565;39.216572727081,-76.555409090643;39.216700000519,-76.555318180487;39.216763637238,-76.555154543768;39.216772727082,-76.554781817205;39.216854545441,-76.553481817204;39.217063637238,-76.553354543766;39.217063637238,-76.55317272736;39.217027273957,-76.553009090641;39.216981818879,-76.552863635563;39.216963637238,-76.552536362125;39.21701818216,-76.552145453921;39.217100000519,-76.551881817202;39.21721818216,-76.551136362123;39.217490908723,-76.550972727358;39.217527273957,-76.550909090639;39.21751818216,-76.550736362123;39.21751818216,-76.55054545392;39.217490908723,-76.550099998841;39.217327273957,-76.549836362122;39.217200000519,-76.549672727356;39.217063637238,-76.549509090638;39.216909092316,-76.549472727356;39.216854545441,-76.549409090637;39.216727273957,-76.549390908997;39.216690908722,-76.549354543762;39.216572727081,-76.549218180481;39.215781818878,-76.549218180481;39.215581818877,-76.549063635559;39.21429090872,-76.549036362121;39.214054545438,-76.549036362121;39.213918182157,-76.549009090637;39.213818182157,-76.54859999884;39.213600000516,-76.548463635559;39.213509092313,-76.548409090636;39.213445455594,-76.548427272277;39.213372727078,-76.548545453918;39.213318182156,-76.548727272278;39.213309092313,-76.54899999884;39.213372727078,-76.549227272278;39.213454545438,-76.549390908997;39.213472727079,-76.549609090638;39.213354545438,-76.549790908997;39.213181818875,-76.549945453919;39.213045455594,-76.550054543763;39.212900000516,-76.550299998841;39.212436363796,-76.550372727357;39.212263637234,-76.550381817201;39.212127273952,-76.550354543763;39.212000000515,-76.549990908997;39.211336363795,-76.549818180482;39.211136363795,-76.549654543763;39.210981818873,-76.549454543762;39.210827273951,-76.548909090637;39.21050909231,-76.548545453918;39.210345455591,-76.548072727355;39.210190908716,-76.547363635557;39.210045455591,-76.546872727354;39.210018182153,-76.546572727354;39.209918182153,-76.546281817197;39.209900000513,-76.545899998837;39.20992727395,-76.545672727353;39.209981818872,-76.545272727352;39.210190908716,-76.544199998836;39.210872727076,-76.543518180476;39.211318182155,-76.543254543757;39.211536363796,-76.542681817194;39.211972727077,-76.542127272271;39.212309092312,-76.54170909063;39.212536363796,-76.541536362114;39.212609092312,-76.541363635552;39.212690908718,-76.541336362114;39.212736363797,-76.541336362114;39.212772727078,-76.541390908989;39.212845455594,-76.541427272271;39.212927273953,-76.54140909063;39.213018182156,-76.541263635552;39.213154545438,-76.540572727348;39.213572727079,-76.539772727347;39.214081818876,-76.539681817191;39.214081818876,-76.53964545391;39.21409090872,-76.53956363555;39.214072727079,-76.539536362113;39.214009092313,-76.539536362113;39.213936363798,-76.53956363555;39.213872727079,-76.53956363555;39.213800000516,-76.539454543753;39.213700000516,-76.539427272269;39.213636363797,-76.539436362113;39.213609092313,-76.539436362113;39.213581818875,-76.541072727349;39.212527273953,-76.541172727348;39.212454545437,-76.541218180474;39.212390908718,-76.541218180474;39.212309092312,-76.541181817192;39.212227273952,-76.541081817192;39.212036363796,-76.541072727349;39.211936363796,-76.541072727349;39.211872727077,-76.541099998833;39.211809092311,-76.541236362114;39.211772727077,-76.541336362114;39.211772727077,-76.541427272271;39.211881818874,-76.54149090899;39.211900000515,-76.541572727349;39.211863637233,-76.54160909063;39.211818182155,-76.541618180474;39.211581818874,-76.541581817193;39.211445455592,-76.541581817193;39.211354545436,-76.541654543755;39.211027273951,-76.54169090899;39.210945455592,-76.54169090899;39.210872727076,-76.541636362115;39.210800000514,-76.541281817192;39.210536363795,-76.541136362114;39.210336363794,-76.540881817192;39.210100000513,-76.540745453911;39.21002727395,-76.540618180473;39.210018182153,-76.540354543754;39.210036363794,-76.539836362113;39.210190908716,-76.539690908988;39.210263637232,-76.539572727347;39.210363637232,-76.539409090628;39.210454545435,-76.539190908987;39.210454545435,-76.53888181719;39.210427273951,-76.538572727346;39.210481818873,-76.537909090627;39.210618182154,-76.537545453908;39.210763637232,-76.537099998829;39.210918182154,-76.535709090625;39.211709092311,-76.534709090624;39.212518182156,-76.534299998826;39.212890908719,-76.534036362107;39.213000000516,-76.533872727342;39.213009092312,-76.533645453904;39.212945455594,-76.533618180467;39.212945455594,-76.533590908982;39.212918182156,-76.533545453904;39.212881818875,-76.533518180466;39.212854545437,-76.533499998826;39.212754545437,-76.533499998826;39.212663637234,-76.533590908982;39.212472727078,-76.533809090623;39.212263637234,-76.533818180467;39.212209092312,-76.533809090623;39.212100000515,-76.533736362107;39.211990908718,-76.532845453903;39.211209092311,-76.532790908981;39.211109092311,-76.532781817184;39.210990908717,-76.532818180466;39.210836363795,-76.532909090622;39.210718182154,-76.532990908982;39.210663637232,-76.533154543747;39.210618182154,-76.533481817185;39.21060909231,-76.534190908983;39.210663637232,-76.534554543749;39.210681818873,-76.534890908983;39.210718182154,-76.535036362108;39.21070909231,-76.535127272265;39.210645455591,-76.535163635546;39.210572727076,-76.535163635546;39.210518182154,-76.535045453905;39.210445455591,-76.534372727342;39.210436363794,-76.533672727342;39.210372727076,-76.533027272263;39.210354545435,-76.532827272263;39.21030909231,-76.532636362106;39.210227273951,-76.532345453903;39.210054545435,-76.532309090621;39.21000909231,-76.532254543747;39.209718182153,-76.532245453903;39.209572727075,-76.532299998825;39.209454545434,-76.532390908981;39.209300000512,-76.532518180466;39.209127273949,-76.53257272734;39.208981818871,-76.532754543747;39.208681818871,-76.531881817184;39.208490908715,-76.532199998825;39.208290908714,-76.532854543747;39.207872727073,-76.543136362116;39.201463637224,-76.545890908994;39.199718182144,-76.549990908997;39.197209092298,-76.551936362124;39.197800000501,-76.555327272284;39.198872727065,-76.555490909003;39.198918182143,-76.562690909009;39.201081818864,-76.563781817213;39.201409092302,-76.566627272294;39.201990908709,-76.567336362139;39.202163637224,-76.567681817217;39.202245455584,-76.569081817218;39.202890908709,-76.569190909015;39.202945455584,-76.57048181722;39.203509092304,-76.571127272298;39.203781818866,-76.57370909066;39.204581818867,-76.574436362145;39.204781818867,-76.574899998864;39.204918182149,-76.577245453945;39.205600000509,-76.577363635585;39.20583636379,-76.577363635585;39.205890908712,-76.577399998867;39.205927273947,-76.577481817226;39.205981818868,-76.577699998867;39.206100000509,-76.578272727383;39.206281818869,-76.578481817227;39.206372727072,-76.578690909024;39.206527273947,-76.579227272306;39.20700000051,-76.579263635587;39.207054545432,-76.579299998868;39.207109092307::-76.711522799773;39.349325817049,-76.711322924773;39.353356623693,-76.711414223601;39.359836262371,-76.711436362273;39.360345455731,-76.711472725554;39.361218182294,-76.711472725554;39.362036363936,-76.711518180632;39.363063637374,-76.711509090788;39.363145455734,-76.711518180632;39.363345455734,-76.711309090788;39.364336363938,-76.711381817351;39.364618182297,-76.711509090788;39.366309090502,-76.711499998991;39.366727274096,-76.711499998991;39.366963637378,-76.711490909148;39.367709090503,-76.711472725554;39.369018182302,-76.71146363571;39.369509090505,-76.711481817351;39.371109090507,-76.711272725554;39.371927274101,-76.700040469684;39.362463924483,-76.698573768511;39.361228205732,-76.694276461866;39.358829709636,-76.692590030224;39.36096000456,-76.691789979442;39.361910027998,-76.69078999116;39.362810010421,-76.690090020456;39.36370999089,-76.689809989206;39.363939983078,-76.686490909125;39.362609090499,-76.681840526308;39.362144699873,-76.680478793885;39.359835084637,-76.676783532162;39.356016647133,-76.690464620066;39.349653348299,-76.691701926707;39.34873420572,-76.691701928661;39.34873420572,-76.696728932572;39.345587908842,-76.698097881792;39.347427008453,-76.698864067339;39.348159881501,-76.702261938436;39.349958754549,-76.70619280758;39.352390563145,-76.707069782191;39.352807268224,-76.709690614224;39.350758252597,-76.711522799773;39.349325817049::-76.588936362159;39.212827273953,-76.588727272315;39.212818182156,-76.588554543799;39.212836363797,-76.588409090674;39.212890908719,-76.588272727392;39.213209092313,-76.588245453955;39.213400000516,-76.588072727392;39.213618182157,-76.587899998876;39.213681818876,-76.587745453954;39.213700000516,-76.587636362157;39.213681818876,-76.587554543798;39.213645455594,-76.587463635595;39.213618182157,-76.587236362157;39.213581818875,-76.586645453953;39.213600000516,-76.585890909031;39.213718182157,-76.585754543796;39.213709092313,-76.585545453952;39.213681818876,-76.585227272311;39.213672727079,-76.584863635592;39.213718182157,-76.58469090903;39.213763637235,-76.584436362155;39.213881818876,-76.583999998873;39.214081818876,-76.583645453951;39.214245455595,-76.583309090669;39.214354545439,-76.583181817231;39.21439090872,-76.583090909028;39.21439090872,-76.582418180512;39.214336363798,-76.581318180511;39.214272727079,-76.581209090667;39.214254545439,-76.581145453948;39.214209092314,-76.58108181723;39.214127273954,-76.581036362151;39.214018182157,-76.580845453948;39.213590908719,-76.58079999887;39.213472727079,-76.580781817229;39.213345455594,-76.580790909026;39.213172727078,-76.580845453948;39.212945455594,-76.581045453948;39.212418182156,-76.581136362151;39.212209092312,-76.581463635589;39.211681818874,-76.581799998871;39.211218182155,-76.581818180511;39.211163637233,-76.581818180511;39.211136363795,-76.581799998871;39.211109092311,-76.581709090668;39.211063637232,-76.581636362152;39.211000000514,-76.581599998871;39.210945455592,-76.581590909027;39.210863637232,-76.581609090667;39.210800000514,-76.582127272309;39.210090908716,-76.582290909028;39.209990908716,-76.582490909028;39.209990908716,-76.582681817231;39.209972727075,-76.582854543794;39.209918182153,-76.583027272309;39.209790908716,-76.583336362153;39.209354545434,-76.583390909028;39.209154545434,-76.583418180513;39.208936363793,-76.583381817232;39.208472727074,-76.583354543794;39.208381818871,-76.583318180513;39.208327273949,-76.583336362153;39.208272727074,-76.583399998872;39.208118182152,-76.582418180512;39.208036363792,-76.582018180512;39.207900000511,-76.582045453949;39.20778181887,-76.58208181723;39.207645455589,-76.582181817231;39.20718181887,-76.582218180512;39.207172727073,-76.582381817231;39.207227273948,-76.582509090668;39.207254545432,-76.582699998872;39.207263637229,-76.582799998872;39.207290908713,-76.582981817231;39.20740000051,-76.583090909028;39.207436363792,-76.583236362153;39.207427273948,-76.583299998872;39.207427273948,-76.583363635591;39.207454545432,-76.583490909029;39.207545455589,-76.583518180513;39.207563637229,-76.583545453951;39.207563637229,-76.583563635591;39.207554545432,-76.583636362154;39.207509092307,-76.583699998873;39.207436363792,-76.583745453951;39.207409092307,-76.583754543794;39.20738181887,-76.583745453951;39.207363637229,-76.584163635592;39.207745455589,-76.584236362154;39.207836363792,-76.584436362155;39.20798181887,-76.585309090671;39.209354545434,-76.58539090903;39.209500000512,-76.585554543796;39.209636363794,-76.586681817235;39.210581818873,-76.587854543798;39.211800000515,-76.588936362159;39.212827273953
MD	Baltimore City	Baltimore	Upper Northwood	275829	31	-76.571890909091;39.372109090909,-76.571690909091;39.371409090909,-76.574790909091;39.368209090909,-76.573790909091;39.366309090909,-76.573490909091;39.365009090909,-76.573790909091;39.363909090909,-76.573990909091;39.360109090909,-76.573390909091;39.359809090909,-76.573990909091;39.358509090909,-76.573190909091;39.358209090909,-76.573090909091;39.354009090909,-76.574790909091;39.352709090909,-76.577690909091;39.352409090909,-76.577590909091;39.349909090909,-76.579490909091;39.350409090909,-76.581490909091;39.349209090909,-76.581206314496;39.347406658477,-76.582890909091;39.347809090909,-76.593490909091;39.352809090909,-76.595190909091;39.353409090909,-76.594790909091;39.354109090909,-76.595190909091;39.355509090909,-76.595990909091;39.356609090909,-76.597890909091;39.358209090909,-76.598114736276;39.360699781175,-76.597990909091;39.364209090909,-76.600254545455;39.368172727273,-76.600190909091;39.369209090909,-76.597090909091;39.372009090909,-76.582790909091;39.372109090909,-76.571890909091;39.372109090909
MD	Baltimore City	Baltimore	Franklintown	273783	36	-76.711556113632;39.303238037748,-76.71136566832;39.312549156897,-76.707825117535;39.310596758458,-76.703627748391;39.30983057291,-76.698930693699;39.30973063541,-76.698131193698;39.30976394791,-76.695832635102;39.310596758458,-76.692334826505;39.312828692054,-76.690169517909;39.312428944007,-76.689095597986;39.312409176429,-76.690194260097;39.310411611973,-76.688577123994;39.308093717313,-76.684952701498;39.307699832674,-76.681130730792;39.306835340486,-76.679076471024;39.305769783844,-76.680975281573;39.305869721344,-76.686290908531;39.305609090485,-76.687190908532;39.305209090484,-76.688790908533;39.305009090484,-76.689390908534;39.305109090484,-76.691590908536;39.304709090484,-76.694690908539;39.304609090484,-76.694390908538;39.303009090482,-76.694990908539;39.302309090482,-76.69639090854;39.302309090482,-76.697590908541;39.301709090481,-76.700390908544;39.302109090481,-76.701890908545;39.301909090481,-76.705690908549;39.30010909048,-76.70659090855;39.30020909048,-76.70659090855;39.301209090481,-76.705690908549;39.302109090481,-76.70739090855;39.303409090483,-76.710690908554;39.302809090482,-76.711190908554;39.302909090482,-76.711556113632;39.303238037748
MD	Baltimore City	Baltimore	Mondawin-Walbrook Area	274572	28	-76.654900028341;39.321859994907,-76.649510229403;39.320515113897,-76.647390008697;39.319410027958,-76.646390020415;39.31691001819,-76.643962444241;39.315829811158,-76.643829277941;39.315666890984,-76.646349972281;39.313090015668,-76.646779977109;39.312789996574,-76.646569971256;39.310000036891,-76.648350545165;39.309939322903,-76.672380028634;39.309119965854,-76.672500021245;39.311269989993,-76.674790024239;39.311210031255,-76.676890007628;39.315309991667,-76.676890007628;39.319449999706,-76.67748997068;39.320310009361,-76.678628239353;39.321176856237,-76.678346153564;39.32188662048,-76.673022695832;39.320275933268,-76.673086395326;39.321613622647,-76.67149390797;39.324207102055,-76.669589993815;39.323609993991,-76.668489998939;39.323509987626,-76.663870020458;39.321920029185,-76.662580005975;39.323110037303,-76.659490027198;39.32421003218,-76.657440009424;39.325469992158,-76.654900028341;39.321859994907
MD	Baltimore City	Baltimore	Hunting Ridge	159728	35	-76.7111900118;39.291809998666,-76.711556113632;39.303238037748,-76.711190908554;39.302909090482,-76.710690908554;39.302809090482,-76.70739090855;39.303409090483,-76.705690908549;39.302109090481,-76.70659090855;39.301209090481,-76.70659090855;39.30020909048,-76.705690908549;39.30010909048,-76.701890908545;39.301909090481,-76.700390908544;39.302109090481,-76.697590908541;39.301709090481,-76.69639090854;39.302309090482,-76.694990908539;39.302309090482,-76.694390908538;39.303009090482,-76.694690908539;39.304609090484,-76.691590908536;39.304709090484,-76.689390908534;39.305109090484,-76.688790908533;39.305009090484,-76.687190908532;39.305209090484,-76.686290908531;39.305609090485,-76.680975281573;39.305869721344,-76.67908999738;39.305809988102,-76.67438999878;39.302109978013,-76.673666528526;39.300126654495,-76.671534531505;39.296728784242,-76.670601782808;39.296262409894,-76.670179963745;39.294270035022,-76.671989996298;39.294109994784,-76.672109988908;39.294310007513,-76.696650018049;39.293229998883,-76.702249998795;39.292389975473,-76.704194060877;39.292598040013,-76.705393309202;39.292198290572,-76.7111900118;39.291809998666
MD	Baltimore City	Baltimore	Inner Harbor	269836	20	-76.628786607264;39.288954385823,-76.613779980543;39.289649981404,-76.606455277929;39.289891396862,-76.605410026359;39.286980014332,-76.603289981589;39.284209965759,-76.603437777472;39.282556032305,-76.608829023613;39.284421047289,-76.608886975939;39.285753950772,-76.610419348798;39.285687325865,-76.611285472588;39.284454765087,-76.614390011854;39.284509984854,-76.617479990631;39.284199972637,-76.618882439332;39.284074919041,-76.618939963339;39.285340015141,-76.620480031302;39.285269988144,-76.620380024938;39.284250013387,-76.622189982354;39.283509996342,-76.623230018494;39.283500003219,-76.625699972836;39.28373998844,-76.628786607264;39.288954385823
MD	Baltimore City	Baltimore	Old Town Area	274896	12	-76.611499682313;39.301079655258,-76.599350798052;39.301617216508,-76.599110001058;39.298120017089,-76.599970010714;39.298089962585,-76.599750011738;39.295009976931,-76.60577000419;39.294940025071,-76.605782543945;39.294929509211,-76.608619997746;39.292550015711,-76.610530036664;39.294139974152,-76.610785785786;39.295151393893,-76.611230912681;39.296372810741,-76.611499682313;39.301079655258
MD	Baltimore City	Baltimore	Locust Point	269849	300	-76.590563636364;39.275663636364,-76.590127272727;39.275536363636,-76.590090909091;39.275545454546,-76.589936363636;39.275618181818,-76.589836363636;39.275663636364,-76.5898;39.275790909091,-76.589754545454;39.275809090909,-76.589645454546;39.275809090909,-76.589518181818;39.275772727273,-76.589218181818;39.275636363636,-76.589172727273;39.2756,-76.589163636364;39.275563636364,-76.589163636364;39.275472727273,-76.589363636364;39.275127272727,-76.589363636364;39.275072727273,-76.589354545454;39.275027272727,-76.589318181818;39.274990909091,-76.5892;39.274945454546,-76.589127272727;39.274936363636,-76.589045454545;39.2749,-76.5889;39.274790909091,-76.588854545454;39.274781818182,-76.5888;39.274790909091,-76.588581818182;39.275145454545,-76.588536363636;39.275190909091,-76.588490909091;39.2752,-76.588427272727;39.275163636364,-76.588427272727;39.275136363636,-76.589081818182;39.273990909091,-76.589263636364;39.273681818182,-76.589272727273;39.273627272727,-76.589236363636;39.273572727273,-76.589245454545;39.273545454546,-76.589372727273;39.273309090909,-76.589372727273;39.273245454546,-76.5893;39.273081818182,-76.589236363636;39.272972727273,-76.588936363636;39.272818181818,-76.5889;39.272818181818,-76.588881818182;39.272818181818,-76.588854545454;39.272836363636,-76.588663636364;39.273236363636,-76.588636363636;39.273263636364,-76.588590909091;39.273272727273,-76.5882;39.273181818182,-76.5875;39.272981818182,-76.587463636364;39.272972727273,-76.587427272727;39.272990909091,-76.587390909091;39.273018181818,-76.586963636364;39.2738,-76.5868;39.274081818182,-76.586754545454;39.2741,-76.586545454545;39.274045454546,-76.586354545454;39.273981818182,-76.586345454545;39.273945454546,-76.586581818182;39.273481818182,-76.587072727273;39.272572727273,-76.587554545454;39.271745454546,-76.587581818182;39.271654545455,-76.587581818182;39.271627272727,-76.587536363636;39.2716,-76.586845454545;39.271390909091,-76.586636363636;39.271309090909,-76.5866;39.271336363636,-76.586118181818;39.2722,-76.585472727273;39.273290909091,-76.585436363636;39.273318181818,-76.585390909091;39.273327272727,-76.585309090909;39.273309090909,-76.585227272727;39.273227272727,-76.585218181818;39.2732,-76.585227272727;39.273109090909,-76.586309090909;39.271272727273,-76.586581818182;39.270790909091,-76.586618181818;39.270709090909,-76.5866;39.270663636364,-76.586563636364;39.270627272727,-76.586081818182;39.270290909091,-76.586018181818;39.270263636364,-76.585981818182;39.270263636364,-76.585909090909;39.270409090909,-76.585454545455;39.271218181818,-76.584881818182;39.272181818182,-76.584709090909;39.2725,-76.584654545455;39.272563636364,-76.584618181818;39.272581818182,-76.584545454545;39.272572727273,-76.584418181818;39.272536363636,-76.584190909091;39.272454545455,-76.584127272727;39.272418181818,-76.584145454546;39.272354545455,-76.584563636364;39.271663636364,-76.584563636364;39.271627272727,-76.584545454545;39.2716,-76.584472727273;39.271563636364,-76.584454545455;39.271536363636,-76.584454545455;39.271472727273,-76.584490909091;39.271336363636,-76.584609090909;39.271054545455,-76.584909090909;39.2706,-76.585045454545;39.270445454546,-76.585172727273;39.270354545455,-76.585227272727;39.270318181818,-76.585290909091;39.270309090909,-76.585345454546;39.270263636364,-76.585427272727;39.270136363636,-76.585454545455;39.270072727273,-76.585454545455;39.270045454546,-76.585445454545;39.270036363636,-76.585154545455;39.269936363636,-76.585118181818;39.2699,-76.5852;39.269727272727,-76.585209090909;39.269681818182,-76.584881818182;39.269454545455,-76.584854545455;39.269454545455,-76.583936363636;39.270945454545,-76.583618181818;39.271409090909,-76.583036363636;39.272354545455,-76.583009090909;39.272372727273,-76.582972727273;39.272372727273,-76.582909090909;39.272336363636,-76.582418181818;39.271963636364,-76.582009090909;39.271654545455,-76.582;39.271636363636,-76.583809090909;39.268763636364,-76.583827272727;39.2687,-76.583790909091;39.268654545455,-76.583609090909;39.268527272727,-76.5832;39.2682,-76.583136363636;39.268172727273,-76.5831;39.268163636364,-76.583063636364;39.2682,-76.582063636364;39.269827272727,-76.581290909091;39.271036363636,-76.581227272727;39.271109090909,-76.581172727273;39.2711,-76.580536363636;39.270645454545,-76.580536363636;39.270627272727,-76.582363636364;39.267690909091,-76.582427272727;39.267618181818,-76.582618181818;39.267445454546,-76.582618181818;39.267409090909,-76.582554545454;39.267372727273,-76.582354545455;39.2673,-76.582063636364;39.2672,-76.582018181818;39.267209090909,-76.581018181818;39.268954545455,-76.580772727273;39.269381818182,-76.580663636364;39.269536363636,-76.580618181818;39.269581818182,-76.579926014999;39.268889651363,-76.579572016894;39.267478738804,-76.580154545455;39.266954545455,-76.578690909091;39.266063636364,-76.578509090909;39.265981818182,-76.5784;39.265918181818,-76.578309090909;39.265836363636,-76.578063636364;39.265690909091,-76.578027272727;39.265645454545,-76.577981818182;39.265590909091,-76.5778;39.265118181818,-76.577554545455;39.264581818182,-76.577518181818;39.264390909091,-76.577463636364;39.263954545455,-76.577481818182;39.263854545454,-76.577627272727;39.263572727273,-76.577736363636;39.263345454546,-76.578036363636;39.262790909091,-76.578863636364;39.261772727273,-76.579054545454;39.261636363636,-76.579518181818;39.261372727273,-76.579645454545;39.261327272727,-76.579745454545;39.261327272727,-76.580272727273;39.261381818182,-76.580354545455;39.2614,-76.580445454545;39.261463636364,-76.581409090909;39.262663636364,-76.581536363636;39.262672727273,-76.581572727273;39.262709090909,-76.581581818182;39.262754545455,-76.581572727273;39.262863636364,-76.581618181818;39.262909090909,-76.582545454545;39.263518181818,-76.582645454545;39.263572727273,-76.582709090909;39.263572727273,-76.582754545455;39.263554545455,-76.582990909091;39.263381818182,-76.583063636364;39.2633,-76.583218181818;39.263090909091,-76.583663636364;39.262527272727,-76.583818181818;39.262336363636,-76.583918181818;39.262227272727,-76.584145454546;39.262,-76.584227272727;39.261936363636,-76.584290909091;39.2619,-76.584372727273;39.261881818182,-76.584572727273;39.261909090909,-76.584718181818;39.261963636364,-76.585281818182;39.262236363636,-76.585327272727;39.262245454545,-76.585381818182;39.262236363636,-76.585463636364;39.2622,-76.585654545454;39.2621,-76.585818181818;39.261890909091,-76.586118181818;39.261490909091,-76.586136363636;39.261472727273,-76.586154545455;39.261345454545,-76.586172727273;39.261327272727,-76.586290909091;39.261318181818,-76.586536363636;39.261245454546,-76.586718181818;39.261227272727,-76.587063636364;39.261227272727,-76.587554545454;39.261236363636,-76.588145454545;39.261272727273,-76.588327272727;39.2613,-76.588427272727;39.261336363636,-76.588445454545;39.261363636364,-76.588454545454;39.261390909091,-76.588;39.2622,-76.587581818182;39.262909090909,-76.587581818182;39.262963636364,-76.587636363636;39.262990909091,-76.588263636364;39.263236363637,-76.588327272727;39.263236363637,-76.588354545454;39.263218181818,-76.5884;39.263154545454,-76.588981818182;39.262209090909,-76.589281818182;39.261663636364,-76.589590909091;39.261154545455,-76.589636363636;39.261136363636,-76.589681818182;39.261136363636,-76.590536363636;39.261436363636,-76.5918;39.261863636364,-76.592118181818;39.261972727273,-76.593172727273;39.262345454545,-76.593563636364;39.262481818182,-76.593918181818;39.262609090909,-76.594763636364;39.262890909091,-76.595918181818;39.263318181818,-76.596127272727;39.263363636364,-76.596345454545;39.263390909091,-76.596372727273;39.263372727273,-76.596409090909;39.263327272727,-76.596445454545;39.263181818182,-76.596463636364;39.263163636364,-76.5965;39.263154545454,-76.5973;39.263318181818,-76.599109090909;39.263690909091,-76.599381818182;39.263781818182,-76.599509090909;39.263881818182,-76.599527272727;39.263918181818,-76.599518181818;39.263963636364,-76.599427272727;39.263990909091,-76.599281818182;39.264018181818,-76.599281818182;39.264036363636,-76.600290909091;39.264263636364,-76.600318181818;39.264263636364,-76.600336363636;39.264236363636,-76.600309090909;39.264181818182,-76.599590909091;39.263236363637,-76.598854545454;39.262309090909,-76.598836363636;39.262236363636,-76.598863636364;39.262209090909,-76.599236363636;39.262018181818,-76.599381818182;39.261945454545,-76.599454545455;39.261927272727,-76.5995;39.261936363636,-76.599745454545;39.262236363636,-76.600481818182;39.263190909091,-76.601190909091;39.264154545455,-76.601824735805;39.265446679143,-76.601938215664;39.265721019799,-76.600590035148;39.2682099993,-76.600789972741;39.268909968718,-76.599290027542;39.272020008877,-76.599689977865;39.272709985171,-76.599259676889;39.273478311672,-76.598493490459;39.274074604589,-76.597394179495;39.274507666484,-76.596927805147;39.274441041577,-76.596294868531;39.27534047782,-76.594562620951;39.275940101982,-76.592563636364;39.275263636364,-76.592536363636;39.275290909091,-76.592481818182;39.275409090909,-76.592109090909;39.276081818182,-76.592036363636;39.276172727273,-76.591990909091;39.276209090909,-76.591918181818;39.276227272727,-76.590809090909;39.276045454546,-76.590618181818;39.276,-76.590572727273;39.275963636364,-76.590563636364;39.275945454546,-76.590563636364;39.275909090909,-76.590590909091;39.275845454545,-76.590627272727;39.275818181818,-76.590654545454;39.275763636364,-76.590663636364;39.275727272727,-76.590654545454;39.275718181818,-76.590563636364;39.275663636364
MD	Baltimore City	Baltimore	Howard Park	159670	22	-76.711224192517;39.336319105888,-76.705227340131;39.334417220988,-76.70426274779;39.335318113835,-76.702728312925;39.336250679028,-76.697895537561;39.340157895463,-76.693537658457;39.336726494594,-76.692027163411;39.336764136918,-76.691812028699;39.335610097911,-76.689670009576;39.335610006403,-76.689670102732;39.33342941086,-76.691440949593;39.330076555453,-76.693800024493;39.325609971014,-76.696691607904;39.326509383776,-76.696789996905;39.326009996473,-76.700250021772;39.320200009874,-76.703989749957;39.318710745696,-76.707405131815;39.320007454105,-76.710244608038;39.318970819929,-76.711213717279;39.319978261623,-76.711456175732;39.32111016893,-76.711656050453;39.334435150314,-76.711224192517;39.336319105888
MD	Baltimore City	Baltimore	Park Heights	276506	43	-76.697895538186;39.340157895165,-76.694257753026;39.343651016262,-76.6917457772;39.342688238678,-76.689812429093;39.342940414518,-76.685735586346;39.341763593931,-76.684474707146;39.342309974917,-76.683003681412;39.343570854118,-76.67956912956;39.346514755705,-76.675849971488;39.348749986183,-76.66989001291;39.352310017416,-76.665490033404;39.353209999563,-76.663389974879;39.354309994439,-76.663589987609;39.355109970221,-76.660590022526;39.353310006506,-76.659390020572;39.349209971346,-76.659390020572;39.347310000641,-76.659590034244;39.346610029937,-76.658989995181;39.344310033841,-76.657290038148;39.342309981105,-76.658259971743;39.340979994775,-76.657990006899;39.340109992822,-76.657890001039;39.339410022118,-76.658090012758;39.338909990867,-76.657899993227;39.338159981101,-76.656489987366;39.337809996726,-76.656120682678;39.335420703755,-76.655829989319;39.333540002581,-76.653989977598;39.330209963515,-76.655250012755;39.32801996742,-76.657399010804;39.325517729136,-76.659490026431;39.324210031869,-76.662580006903;39.323110037728,-76.663870020576;39.321920029914,-76.668489999096;39.323509986947,-76.669589993238;39.323609994759,-76.671491153396;39.3242062389,-76.691439327242;39.330079625625,-76.689670102631;39.333429410784,-76.689670008881;39.335610006489,-76.691812028415;39.335610098286,-76.69202716318;39.33676413735,-76.693537659276;39.336726494771,-76.697895538186;39.340157895165
MD	Baltimore City	Baltimore	Hamilton Area	273916	43	-76.571890909091;39.372109090909,-76.529550948955;39.372167239499,-76.529493841892;39.355891726523,-76.529151199513;39.351037626161,-76.529768592279;39.342252865206,-76.535068553932;39.341552895789,-76.544028553181;39.343542879689,-76.561265909738;39.331109223282,-76.567669983963;39.326500035777,-76.568469464319;39.327551980453,-76.569669464319;39.326951980453,-76.570769464319;39.327051980453,-76.570405827955;39.32878834409,-76.570463171377;39.329321993838,-76.573433405018;39.331248820491,-76.574887646137;39.332288344089,-76.575169464319;39.333351980453,-76.576269464319;39.333951980453,-76.577669464319;39.334051980453,-76.578769464319;39.335251980453,-76.578069464319;39.338251980453,-76.576769464319;39.338951980453,-76.576869464319;39.339551980453,-76.579469464319;39.341751980453,-76.581569464319;39.341951980453,-76.580869464319;39.345451980453,-76.581206314496;39.347406658477,-76.581490909091;39.349209090909,-76.579490909091;39.350409090909,-76.577590909091;39.349909090909,-76.577690909091;39.352409090909,-76.574790909091;39.352709090909,-76.573090909091;39.354009090909,-76.573190909091;39.358209090909,-76.573990909091;39.358509090909,-76.573390909091;39.359809090909,-76.573990909091;39.360109090909,-76.573790909091;39.363909090909,-76.573490909091;39.365009090909,-76.573790909091;39.366309090909,-76.574790909091;39.368209090909,-76.571690909091;39.371409090909,-76.571890909091;39.372109090909
MD	Baltimore City	Baltimore	Jonestown	274153	20	-76.599489965135;39.291409973207,-76.599356491388;39.287472748369,-76.598320018399;39.287469977897,-76.598190032666;39.282339974469,-76.598173331691;39.281680855557,-76.599529080281;39.281646503148,-76.59957791425;39.282004623273,-76.60124700758;39.281781606291,-76.601415944356;39.280855854457,-76.602392040414;39.280743421404,-76.602748516182;39.281361312736,-76.603437777472;39.282556032305,-76.603289981589;39.284209965759,-76.605410026359;39.286980014332,-76.606455277929;39.289891396862,-76.606640006969;39.290759969404,-76.608619997746;39.292550015711,-76.60577000419;39.294940025071,-76.599750011738;39.295009976931,-76.599489965135;39.291409973207
MD	Baltimore City	Baltimore	Forest Park	158580	43	-76.703989749957;39.318710745696,-76.700249679653;39.320203133846,-76.696791707109;39.326008887749,-76.696691607904;39.326509383776,-76.69379783088;39.325608490928,-76.691440949593;39.330076555453,-76.67149390797;39.324207102055,-76.673086395326;39.321613622647,-76.673022695832;39.320275933268,-76.678346153564;39.32188662048,-76.678628251324;39.321176826115,-76.680093339692;39.322314317084,-76.682186323074;39.321713721852,-76.684834402048;39.320476131679,-76.68535309793;39.321167726187,-76.688092176182;39.320212233774,-76.688892969824;39.320312332979,-76.69048545718;39.319211241722,-76.692687639695;39.318310348875,-76.691886846053;39.318010051259,-76.691586548437;39.317409456028,-76.691686647642;39.316408463975,-76.691386350027;39.315607670334,-76.689093168234;39.315007075102,-76.688492573003;39.313905983845,-76.687691779361;39.314506579076,-76.686991084924;39.314706777487,-76.685629866933;39.313162422593,-76.684088207973;39.312258896922,-76.684388505589;39.309110321922,-76.685225698941;39.308072930158,-76.684952701109;39.307699833121,-76.688569489608;39.308082774757,-76.690194259492;39.31041161159,-76.689093168234;39.312413595694,-76.690294358697;39.314106182255,-76.695890814262;39.315543970839,-76.695890814262;39.316808860796,-76.696391310288;39.317609654438,-76.699194088034;39.318110150464,-76.700295179292;39.316508563181,-76.702988757905;39.31610816636,-76.703989749957;39.318710745696
MD	Baltimore City	Baltimore	Lower Northwood	276430	37	-76.573433405018;39.331248820491,-76.575393309208;39.328678800368,-76.578769293021;39.325137454562,-76.583244057052;39.328034065204,-76.584276743109;39.327101316507,-76.587639999838;39.32742999669,-76.588989973059;39.327310004079,-76.589189985788;39.327610023174,-76.589089979423;39.328409998956,-76.59508998563;39.328409998956,-76.595289998359;39.334009979703,-76.598233708973;39.336658760403,-76.600390022418;39.340109992274,-76.599689977865;39.345210016333,-76.599730025493;39.346090012234,-76.598489976624;39.352599968251,-76.598062387784;39.354396214194,-76.597890909091;39.358209090909,-76.595990909091;39.356609090909,-76.595190909091;39.355509090909,-76.594790909091;39.354109090909,-76.595190909091;39.353409090909,-76.593490909091;39.352809090909,-76.582890909091;39.347809090909,-76.581206314496;39.347406658477,-76.580869464319;39.345451980453,-76.581569464319;39.341951980453,-76.579469464319;39.341751980453,-76.576869464319;39.339551980453,-76.576769464319;39.338951980453,-76.578069464319;39.338251980453,-76.578769464319;39.335251980453,-76.577669464319;39.334051980453,-76.576269464319;39.333951980453,-76.575169464319;39.333351980453,-76.574887646137;39.332288344089,-76.573433405018;39.331248820491
MD	Baltimore City	Baltimore	Patterson Park East	274988	6	-76.573859799789;39.299070635361,-76.572956315413;39.286497557225,-76.584240009408;39.286019998168,-76.584699993783;39.291969963017,-76.585047564197;39.298817455182,-76.573859799789;39.299070635361
